{
  "project_info": {
    "project_number": "516509789725",
    "firebase_url": "https://project-msb.firebaseio.com",
    "project_id": "project-msb",
    "storage_bucket": "project-msb.appspot.com"
  },
  "client": [
    {
      "client_info": {
        "mobilesdk_app_id": "1:516509789725:android:f0c7f6445fa2ba51b860f4",
        "android_client_info": {
          "package_name": "com.example.belajar_flutter"
        }
      },
      "oauth_client": [
        {
          "client_id": "516509789725-dp5dk1du5lsdd9rmbdlofbq53bi2bjp8.apps.googleusercontent.com",
          "client_type": 3
        }
      ],
      "api_key": [
        {
          "current_key": "AIzaSyBmXLtmr55WCqgFoiTisXpB_VRjG5ozvZ4"
        }
      ],
      "services": {
        "appinvite_service": {
          "other_platform_oauth_client": [
            {
              "client_id": "516509789725-dp5dk1du5lsdd9rmbdlofbq53bi2bjp8.apps.googleusercontent.com",
              "client_type": 3
            }
          ]
        }
      }
    }
  ],
  "configuration_version": "1"
}